DateString,ContractName,Price
1/1/19,Sanders,0.15
1/1/19,Booker,0.09
1/1/19,Harris,0.19
1/1/19,Gillibrand,0.06
1/1/19,Biden,0.17
1/1/19,Warren,0.11
1/1/19,Klobuchar,0.09
1/1/19,Delaney,0.01
1/1/19,O'Rourke,0.19
1/2/19,Sanders,0.14
1/2/19,Booker,0.1
1/2/19,Harris,0.18
1/2/19,Gillibrand,0.07
1/2/19,Biden,0.16
1/2/19,Warren,0.1
1/2/19,Klobuchar,0.09
1/2/19,Delaney,0.01
1/2/19,O'Rourke,0.2
1/3/19,Sanders,0.15
1/3/19,Booker,0.09
1/3/19,Harris,0.17
1/3/19,Gillibrand,0.07
1/3/19,Biden,0.16
1/3/19,Warren,0.11
1/3/19,Klobuchar,0.1
1/3/19,Delaney,0.02
1/3/19,O'Rourke,0.21
1/4/19,Sanders,0.13
1/4/19,Booker,0.1
1/4/19,Harris,0.18
1/4/19,Gillibrand,0.07
1/4/19,Biden,0.16
1/4/19,Warren,0.11
1/4/19,Klobuchar,0.09
1/4/19,Delaney,0.01
1/4/19,O'Rourke,0.21
1/5/19,Sanders,0.13
1/5/19,Booker,0.1
1/5/19,Harris,0.17
1/5/19,Gillibrand,0.06
1/5/19,Biden,0.16
1/5/19,Warren,0.14
1/5/19,Klobuchar,0.09
1/5/19,Delaney,0.01
1/5/19,O'Rourke,0.21
1/6/19,Sanders,0.13
1/6/19,Booker,0.1
1/6/19,Harris,0.17
1/6/19,Gillibrand,0.06
1/6/19,Biden,0.17
1/6/19,Warren,0.12
1/6/19,Klobuchar,0.09
1/6/19,Delaney,0.01
1/6/19,O'Rourke,0.2
1/7/19,Sanders,0.12
1/7/19,Booker,0.1
1/7/19,Harris,0.19
1/7/19,Gillibrand,0.07
1/7/19,Biden,0.19
1/7/19,Warren,0.13
1/7/19,Klobuchar,0.09
1/7/19,Delaney,0.01
1/7/19,O'Rourke,0.2
1/8/19,Sanders,0.13
1/8/19,Booker,0.09
1/8/19,Harris,0.19
1/8/19,Gillibrand,0.06
1/8/19,Biden,0.17
1/8/19,Warren,0.12
1/8/19,Klobuchar,0.07
1/8/19,Delaney,0.01
1/8/19,O'Rourke,0.2
1/9/19,Sanders,0.13
1/9/19,Booker,0.09
1/9/19,Harris,0.18
1/9/19,Gillibrand,0.07
1/9/19,Biden,0.17
1/9/19,Warren,0.13
1/9/19,Klobuchar,0.1
1/9/19,Delaney,0.01
1/9/19,O'Rourke,0.2
1/10/19,Sanders,0.12
1/10/19,Booker,0.09
1/10/19,Harris,0.2
1/10/19,Gillibrand,0.08
1/10/19,Biden,0.16
1/10/19,Warren,0.11
1/10/19,Klobuchar,0.08
1/10/19,Delaney,0.01
1/10/19,O'Rourke,0.2
1/11/19,Sanders,0.12
1/11/19,Booker,0.08
1/11/19,Harris,0.19
1/11/19,Gillibrand,0.07
1/11/19,Biden,0.16
1/11/19,Warren,0.1
1/11/19,Klobuchar,0.07
1/11/19,Delaney,0.01
1/11/19,O'Rourke,0.21
1/12/19,Sanders,0.11
1/12/19,Booker,0.08
1/12/19,Harris,0.18
1/12/19,Gillibrand,0.07
1/12/19,Biden,0.15
1/12/19,Warren,0.1
1/12/19,Klobuchar,0.07
1/12/19,Delaney,0.01
1/12/19,O'Rourke,0.21
1/13/19,Sanders,0.12
1/13/19,Booker,0.08
1/13/19,Harris,0.18
1/13/19,Gillibrand,0.08
1/13/19,Biden,0.17
1/13/19,Warren,0.1
1/13/19,Klobuchar,0.07
1/13/19,Delaney,0.01
1/13/19,O'Rourke,0.2
1/14/19,Sanders,0.12
1/14/19,Booker,0.08
1/14/19,Harris,0.18
1/14/19,Gillibrand,0.07
1/14/19,Biden,0.15
1/14/19,Warren,0.11
1/14/19,Klobuchar,0.08
1/14/19,Delaney,0.01
1/14/19,O'Rourke,0.2
1/15/19,Sanders,0.12
1/15/19,Booker,0.08
1/15/19,Harris,0.19
1/15/19,Gillibrand,0.09
1/15/19,Biden,0.16
1/15/19,Warren,0.11
1/15/19,Klobuchar,0.08
1/15/19,Delaney,0.01
1/15/19,O'Rourke,0.2
1/16/19,Sanders,0.13
1/16/19,Booker,0.08
1/16/19,Harris,0.18
1/16/19,Gillibrand,0.08
1/16/19,Biden,0.15
1/16/19,Warren,0.1
1/16/19,Klobuchar,0.07
1/16/19,Delaney,0.01
1/16/19,O'Rourke,0.18
1/17/19,Sanders,0.14
1/17/19,Booker,0.08
1/17/19,Harris,0.18
1/17/19,Gillibrand,0.09
1/17/19,Biden,0.16
1/17/19,Warren,0.11
1/17/19,Klobuchar,0.08
1/17/19,Delaney,0.01
1/17/19,O'Rourke,0.18
1/18/19,Sanders,0.14
1/18/19,Booker,0.08
1/18/19,Harris,0.19
1/18/19,Gillibrand,0.08
1/18/19,Biden,0.16
1/18/19,Warren,0.12
1/18/19,Klobuchar,0.09
1/18/19,Delaney,0.01
1/18/19,O'Rourke,0.17
1/19/19,Sanders,0.13
1/19/19,Booker,0.07
1/19/19,Harris,0.18
1/19/19,Gillibrand,0.08
1/19/19,Biden,0.16
1/19/19,Warren,0.11
1/19/19,Klobuchar,0.08
1/19/19,Delaney,0.01
1/19/19,O'Rourke,0.17
1/20/19,Sanders,0.13
1/20/19,Booker,0.07
1/20/19,Harris,0.19
1/20/19,Gillibrand,0.07
1/20/19,Biden,0.15
1/20/19,Warren,0.11
1/20/19,Klobuchar,0.09
1/20/19,Delaney,0.01
1/20/19,O'Rourke,0.17
1/21/19,Sanders,0.13
1/21/19,Booker,0.07
1/21/19,Harris,0.22
1/21/19,Gillibrand,0.07
1/21/19,Biden,0.14
1/21/19,Warren,0.1
1/21/19,Klobuchar,0.08
1/21/19,Delaney,0.01
1/21/19,O'Rourke,0.17
1/22/19,Sanders,0.13
1/22/19,Booker,0.08
1/22/19,Harris,0.22
1/22/19,Gillibrand,0.07
1/22/19,Biden,0.16
1/22/19,Warren,0.1
1/22/19,Klobuchar,0.08
1/22/19,Delaney,0.01
1/22/19,O'Rourke,0.18
1/23/19,Sanders,0.13
1/23/19,Booker,0.09
1/23/19,Harris,0.22
1/23/19,Gillibrand,0.07
1/23/19,Biden,0.15
1/23/19,Warren,0.1
1/23/19,Klobuchar,0.08
1/23/19,Delaney,0.01
1/23/19,O'Rourke,0.16
1/24/19,Sanders,0.13
1/24/19,Booker,0.09
1/24/19,Harris,0.23
1/24/19,Gillibrand,0.06
1/24/19,Biden,0.17
1/24/19,Warren,0.1
1/24/19,Klobuchar,0.06
1/24/19,Delaney,0.01
1/24/19,O'Rourke,0.17
1/25/19,Sanders,0.16
1/25/19,Booker,0.08
1/25/19,Harris,0.23
1/25/19,Gillibrand,0.07
1/25/19,Biden,0.17
1/25/19,Warren,0.11
1/25/19,Klobuchar,0.06
1/25/19,Delaney,0.01
1/25/19,O'Rourke,0.12
1/26/19,Sanders,0.17
1/26/19,Booker,0.09
1/26/19,Harris,0.23
1/26/19,Gillibrand,0.07
1/26/19,Biden,0.18
1/26/19,Warren,0.11
1/26/19,Klobuchar,0.06
1/26/19,Delaney,0.01
1/26/19,O'Rourke,0.13
1/27/19,Sanders,0.15
1/27/19,Booker,0.09
1/27/19,Harris,0.24
1/27/19,Gillibrand,0.06
1/27/19,Biden,0.16
1/27/19,Warren,0.11
1/27/19,Klobuchar,0.07
1/27/19,Delaney,0.01
1/27/19,O'Rourke,0.13
1/28/19,Sanders,0.15
1/28/19,Booker,0.08
1/28/19,Harris,0.24
1/28/19,Gillibrand,0.05
1/28/19,Biden,0.17
1/28/19,Warren,0.1
1/28/19,Klobuchar,0.06
1/28/19,Delaney,0.01
1/28/19,O'Rourke,0.14
1/29/19,Sanders,0.15
1/29/19,Booker,0.08
1/29/19,Harris,0.24
1/29/19,Gillibrand,0.05
1/29/19,Biden,0.16
1/29/19,Warren,0.1
1/29/19,Klobuchar,0.06
1/29/19,Delaney,0.01
1/29/19,O'Rourke,0.13
1/30/19,Sanders,0.15
1/30/19,Booker,0.07
1/30/19,Harris,0.24
1/30/19,Gillibrand,0.06
1/30/19,Biden,0.16
1/30/19,Warren,0.1
1/30/19,Klobuchar,0.07
1/30/19,Delaney,0.01
1/30/19,O'Rourke,0.13
1/31/19,Sanders,0.16
1/31/19,Booker,0.08
1/31/19,Harris,0.25
1/31/19,Gillibrand,0.05
1/31/19,Biden,0.17
1/31/19,Warren,0.09
1/31/19,Klobuchar,0.08
1/31/19,Delaney,0.01
1/31/19,O'Rourke,0.14
2/1/19,Sanders,0.16
2/1/19,Booker,0.1
2/1/19,Harris,0.24
2/1/19,Gillibrand,0.06
2/1/19,Biden,0.16
2/1/19,Warren,0.09
2/1/19,Klobuchar,0.08
2/1/19,Delaney,0.01
2/1/19,O'Rourke,0.12
2/2/19,Sanders,0.16
2/2/19,Booker,0.1
2/2/19,Harris,0.23
2/2/19,Gillibrand,0.05
2/2/19,Biden,0.16
2/2/19,Warren,0.1
2/2/19,Klobuchar,0.08
2/2/19,Delaney,0.01
2/2/19,O'Rourke,0.14
2/3/19,Sanders,0.17
2/3/19,Booker,0.08
2/3/19,Harris,0.23
2/3/19,Gillibrand,0.05
2/3/19,Biden,0.15
2/3/19,Warren,0.09
2/3/19,Klobuchar,0.07
2/3/19,Delaney,0.01
2/3/19,O'Rourke,0.13
2/4/19,Sanders,0.15
2/4/19,Booker,0.09
2/4/19,Harris,0.23
2/4/19,Gillibrand,0.06
2/4/19,Biden,0.17
2/4/19,Warren,0.09
2/4/19,Klobuchar,0.08
2/4/19,Delaney,0.01
2/4/19,O'Rourke,0.12
2/5/19,Sanders,0.15
2/5/19,Booker,0.08
2/5/19,Harris,0.24
2/5/19,Gillibrand,0.06
2/5/19,Biden,0.17
2/5/19,Warren,0.08
2/5/19,Klobuchar,0.11
2/5/19,Delaney,0.01
2/5/19,O'Rourke,0.16
2/6/19,Sanders,0.15
2/6/19,Booker,0.08
2/6/19,Harris,0.22
2/6/19,Gillibrand,0.05
2/6/19,Biden,0.18
2/6/19,Warren,0.07
2/6/19,Klobuchar,0.11
2/6/19,Delaney,0.01
2/6/19,O'Rourke,0.15
2/7/19,Sanders,0.16
2/7/19,Booker,0.08
2/7/19,Harris,0.21
2/7/19,Gillibrand,0.05
2/7/19,Biden,0.19
2/7/19,Warren,0.07
2/7/19,Klobuchar,0.1
2/7/19,Delaney,0.01
2/7/19,O'Rourke,0.15
2/8/19,Sanders,0.16
2/8/19,Booker,0.08
2/8/19,Harris,0.21
2/8/19,Gillibrand,0.05
2/8/19,Biden,0.18
2/8/19,Warren,0.07
2/8/19,Klobuchar,0.09
2/8/19,Delaney,0.01
2/8/19,O'Rourke,0.15
2/9/19,Sanders,0.15
2/9/19,Booker,0.08
2/9/19,Harris,0.21
2/9/19,Gillibrand,0.04
2/9/19,Biden,0.18
2/9/19,Warren,0.09
2/9/19,Klobuchar,0.07
2/9/19,Delaney,0.01
2/9/19,O'Rourke,0.15
2/10/19,Sanders,0.16
2/10/19,Booker,0.08
2/10/19,Harris,0.21
2/10/19,Gillibrand,0.05
2/10/19,Biden,0.17
2/10/19,Warren,0.09
2/10/19,Klobuchar,0.09
2/10/19,Delaney,0.01
2/10/19,O'Rourke,0.15
2/11/19,Sanders,0.16
2/11/19,Booker,0.09
2/11/19,Harris,0.22
2/11/19,Gillibrand,0.05
2/11/19,Biden,0.17
2/11/19,Warren,0.09
2/11/19,Klobuchar,0.1
2/11/19,Delaney,0.02
2/11/19,O'Rourke,0.16
2/12/19,Sanders,0.15
2/12/19,Booker,0.08
2/12/19,Harris,0.21
2/12/19,Gillibrand,0.04
2/12/19,Biden,0.16
2/12/19,Warren,0.08
2/12/19,Klobuchar,0.1
2/12/19,Delaney,0.01
2/12/19,O'Rourke,0.14
2/13/19,Sanders,0.16
2/13/19,Booker,0.09
2/13/19,Harris,0.22
2/13/19,Gillibrand,0.05
2/13/19,Biden,0.17
2/13/19,Warren,0.09
2/13/19,Klobuchar,0.1
2/13/19,Delaney,0.02
2/13/19,O'Rourke,0.14
2/14/19,Sanders,0.16
2/14/19,Booker,0.07
2/14/19,Harris,0.22
2/14/19,Gillibrand,0.05
2/14/19,Biden,0.18
2/14/19,Warren,0.08
2/14/19,Klobuchar,0.1
2/14/19,Delaney,0.02
2/14/19,O'Rourke,0.13
2/15/19,Sanders,0.15
2/15/19,Booker,0.08
2/15/19,Harris,0.22
2/15/19,Gillibrand,0.04
2/15/19,Biden,0.2
2/15/19,Warren,0.09
2/15/19,Klobuchar,0.08
2/15/19,Delaney,0.02
2/15/19,O'Rourke,0.16
2/16/19,Sanders,0.17
2/16/19,Booker,0.08
2/16/19,Harris,0.22
2/16/19,Gillibrand,0.04
2/16/19,Biden,0.19
2/16/19,Warren,0.08
2/16/19,Klobuchar,0.08
2/16/19,Delaney,0.02
2/16/19,O'Rourke,0.16
2/17/19,Sanders,0.17
2/17/19,Booker,0.07
2/17/19,Harris,0.23
2/17/19,Gillibrand,0.04
2/17/19,Biden,0.19
2/17/19,Warren,0.08
2/17/19,Klobuchar,0.07
2/17/19,Delaney,0.02
2/17/19,O'Rourke,0.14
2/18/19,Sanders,0.17
2/18/19,Booker,0.07
2/18/19,Harris,0.23
2/18/19,Gillibrand,0.04
2/18/19,Biden,0.19
2/18/19,Warren,0.08
2/18/19,Klobuchar,0.08
2/18/19,Delaney,0.02
2/18/19,O'Rourke,0.14
2/19/19,Sanders,0.19
2/19/19,Booker,0.07
2/19/19,Harris,0.23
2/19/19,Gillibrand,0.04
2/19/19,Biden,0.18
2/19/19,Warren,0.08
2/19/19,Klobuchar,0.08
2/19/19,Delaney,0.01
2/19/19,O'Rourke,0.14
2/20/19,Sanders,0.21
2/20/19,Booker,0.07
2/20/19,Harris,0.22
2/20/19,Gillibrand,0.03
2/20/19,Biden,0.19
2/20/19,Warren,0.07
2/20/19,Klobuchar,0.08
2/20/19,Delaney,0.02
2/20/19,O'Rourke,0.16
2/21/19,Sanders,0.21
2/21/19,Booker,0.07
2/21/19,Harris,0.21
2/21/19,Gillibrand,0.03
2/21/19,Biden,0.19
2/21/19,Warren,0.08
2/21/19,Klobuchar,0.07
2/21/19,Delaney,0.01
2/21/19,O'Rourke,0.14
2/22/19,Sanders,0.2
2/22/19,Booker,0.08
2/22/19,Harris,0.21
2/22/19,Gillibrand,0.04
2/22/19,Biden,0.18
2/22/19,Warren,0.08
2/22/19,Klobuchar,0.08
2/22/19,Delaney,0.01
2/22/19,O'Rourke,0.16
2/23/19,Sanders,0.21
2/23/19,Booker,0.08
2/23/19,Harris,0.2
2/23/19,Gillibrand,0.03
2/23/19,Biden,0.2
2/23/19,Warren,0.08
2/23/19,Klobuchar,0.07
2/23/19,Delaney,0.01
2/23/19,O'Rourke,0.15
2/24/19,Sanders,0.2
2/24/19,Booker,0.07
2/24/19,Harris,0.2
2/24/19,Gillibrand,0.03
2/24/19,Biden,0.19
2/24/19,Warren,0.08
2/24/19,Klobuchar,0.07
2/24/19,Delaney,0.01
2/24/19,O'Rourke,0.15
2/25/19,Sanders,0.24
2/25/19,Booker,0.07
2/25/19,Harris,0.2
2/25/19,Gillibrand,0.04
2/25/19,Biden,0.18
2/25/19,Warren,0.07
2/25/19,Klobuchar,0.07
2/25/19,Delaney,0.02
2/25/19,O'Rourke,0.13
2/26/19,Sanders,0.22
2/26/19,Booker,0.07
2/26/19,Harris,0.2
2/26/19,Gillibrand,0.04
2/26/19,Biden,0.2
2/26/19,Warren,0.08
2/26/19,Klobuchar,0.07
2/26/19,Delaney,0.01
2/26/19,O'Rourke,0.13
2/27/19,Sanders,0.23
2/27/19,Booker,0.07
2/27/19,Harris,0.21
2/27/19,Gillibrand,0.04
2/27/19,Biden,0.18
2/27/19,Warren,0.07
2/27/19,Klobuchar,0.05
2/27/19,Delaney,0.01
2/27/19,O'Rourke,0.16
2/28/19,Sanders,0.21
2/28/19,Booker,0.07
2/28/19,Harris,0.2
2/28/19,Gillibrand,0.03
2/28/19,Biden,0.19
2/28/19,Warren,0.07
2/28/19,Klobuchar,0.07
2/28/19,Delaney,0.01
2/28/19,O'Rourke,0.18
3/1/19,Sanders,0.21
3/1/19,Booker,0.07
3/1/19,Harris,0.2
3/1/19,Gillibrand,0.04
3/1/19,Biden,0.19
3/1/19,Warren,0.07
3/1/19,Klobuchar,0.07
3/1/19,Delaney,0.01
3/1/19,O'Rourke,0.18
3/2/19,Sanders,0.22
3/2/19,Booker,0.06
3/2/19,Harris,0.18
3/2/19,Gillibrand,0.04
3/2/19,Biden,0.19
3/2/19,Warren,0.08
3/2/19,Klobuchar,0.07
3/2/19,Delaney,0.01
3/2/19,O'Rourke,0.18
3/3/19,Sanders,0.23
3/3/19,Booker,0.07
3/3/19,Harris,0.19
3/3/19,Gillibrand,0.04
3/3/19,Biden,0.2
3/3/19,Warren,0.08
3/3/19,Klobuchar,0.07
3/3/19,Delaney,0.01
3/3/19,O'Rourke,0.17
3/4/19,Sanders,0.24
3/4/19,Booker,0.06
3/4/19,Harris,0.19
3/4/19,Gillibrand,0.04
3/4/19,Biden,0.19
3/4/19,Warren,0.07
3/4/19,Klobuchar,0.06
3/4/19,Delaney,0.01
3/4/19,O'Rourke,0.18
3/5/19,Sanders,0.23
3/5/19,Booker,0.06
3/5/19,Harris,0.18
3/5/19,Gillibrand,0.04
3/5/19,Biden,0.19
3/5/19,Warren,0.07
3/5/19,Klobuchar,0.07
3/5/19,Delaney,0.01
3/5/19,O'Rourke,0.18
3/6/19,Sanders,0.24
3/6/19,Booker,0.06
3/6/19,Harris,0.18
3/6/19,Gillibrand,0.03
3/6/19,Biden,0.2
3/6/19,Warren,0.07
3/6/19,Klobuchar,0.06
3/6/19,Delaney,0.01
3/6/19,O'Rourke,0.17
3/7/19,Sanders,0.23
3/7/19,Booker,0.06
3/7/19,Harris,0.18
3/7/19,Gillibrand,0.03
3/7/19,Biden,0.21
3/7/19,Warren,0.07
3/7/19,Klobuchar,0.07
3/7/19,Delaney,0.02
3/7/19,O'Rourke,0.18
3/8/19,Sanders,0.24
3/8/19,Booker,0.06
3/8/19,Harris,0.18
3/8/19,Gillibrand,0.03
3/8/19,Biden,0.22
3/8/19,Warren,0.07
3/8/19,Klobuchar,0.06
3/8/19,Delaney,0.01
3/8/19,O'Rourke,0.18
3/9/19,Sanders,0.24
3/9/19,Booker,0.06
3/9/19,Harris,0.18
3/9/19,Gillibrand,0.03
3/9/19,Biden,0.24
3/9/19,Warren,0.06
3/9/19,Klobuchar,0.06
3/9/19,Delaney,0.02
3/9/19,O'Rourke,0.18
3/10/19,Sanders,0.25
3/10/19,Booker,0.07
3/10/19,Harris,0.18
3/10/19,Gillibrand,0.03
3/10/19,Biden,0.25
3/10/19,Warren,0.07
3/10/19,Klobuchar,0.06
3/10/19,Delaney,0.02
3/10/19,O'Rourke,0.18
3/11/19,Sanders,0.25
3/11/19,Booker,0.06
3/11/19,Harris,0.17
3/11/19,Gillibrand,0.03
3/11/19,Biden,0.25
3/11/19,Warren,0.06
3/11/19,Klobuchar,0.06
3/11/19,Delaney,0.02
3/11/19,O'Rourke,0.16
3/12/19,Sanders,0.25
3/12/19,Booker,0.05
3/12/19,Harris,0.16
3/12/19,Gillibrand,0.03
3/12/19,Biden,0.26
3/12/19,Warren,0.06
3/12/19,Klobuchar,0.06
3/12/19,Delaney,0.02
3/12/19,O'Rourke,0.17
3/13/19,Sanders,0.25
3/13/19,Booker,0.06
3/13/19,Harris,0.15
3/13/19,Gillibrand,0.02
3/13/19,Biden,0.25
3/13/19,Warren,0.06
3/13/19,Klobuchar,0.05
3/13/19,Delaney,0.01
3/13/19,O'Rourke,0.2
3/14/19,Sanders,0.24
3/14/19,Booker,0.06
3/14/19,Harris,0.16
3/14/19,Gillibrand,0.02
3/14/19,Biden,0.24
3/14/19,Warren,0.06
3/14/19,Klobuchar,0.05
3/14/19,Delaney,0.01
3/14/19,O'Rourke,0.18
3/15/19,Sanders,0.23
3/15/19,Booker,0.06
3/15/19,Harris,0.17
3/15/19,Gillibrand,0.03
3/15/19,Biden,0.25
3/15/19,Warren,0.06
3/15/19,Klobuchar,0.06
3/15/19,Delaney,0.01
3/15/19,O'Rourke,0.17
3/16/19,Sanders,0.24
3/16/19,Booker,0.07
3/16/19,Harris,0.18
3/16/19,Gillibrand,0.03
3/16/19,Biden,0.26
3/16/19,Warren,0.07
3/16/19,Klobuchar,0.06
3/16/19,Delaney,0.01
3/16/19,O'Rourke,0.16
3/17/19,Sanders,0.23
3/17/19,Booker,0.06
3/17/19,Harris,0.17
3/17/19,Gillibrand,0.02
3/17/19,Biden,0.24
3/17/19,Warren,0.06
3/17/19,Klobuchar,0.05
3/17/19,Delaney,0.02
3/17/19,O'Rourke,0.14
3/18/19,Sanders,0.21
3/18/19,Booker,0.06
3/18/19,Harris,0.15
3/18/19,Gillibrand,0.03
3/18/19,Biden,0.22
3/18/19,Warren,0.06
3/18/19,Klobuchar,0.05
3/18/19,Delaney,0.01
3/18/19,O'Rourke,0.16
3/18/19,Buttigieg,0.06
3/19/19,Sanders,0.21
3/19/19,Booker,0.06
3/19/19,Harris,0.15
3/19/19,Gillibrand,0.03
3/19/19,Biden,0.24
3/19/19,Warren,0.06
3/19/19,Klobuchar,0.05
3/19/19,Delaney,0.01
3/19/19,O'Rourke,0.16
3/19/19,Buttigieg,0.07
3/20/19,Sanders,0.22
3/20/19,Booker,0.06
3/20/19,Harris,0.15
3/20/19,Gillibrand,0.02
3/20/19,Biden,0.24
3/20/19,Warren,0.07
3/20/19,Klobuchar,0.05
3/20/19,Delaney,0.01
3/20/19,O'Rourke,0.15
3/20/19,Buttigieg,0.09
3/21/19,Sanders,0.21
3/21/19,Booker,0.05
3/21/19,Harris,0.15
3/21/19,Gillibrand,0.03
3/21/19,Biden,0.23
3/21/19,Warren,0.06
3/21/19,Klobuchar,0.05
3/21/19,Delaney,0.02
3/21/19,O'Rourke,0.15
3/21/19,Buttigieg,0.1
3/22/19,Sanders,0.21
3/22/19,Booker,0.06
3/22/19,Harris,0.15
3/22/19,Gillibrand,0.03
3/22/19,Biden,0.23
3/22/19,Warren,0.08
3/22/19,Klobuchar,0.06
3/22/19,Delaney,0.02
3/22/19,O'Rourke,0.15
3/22/19,Buttigieg,0.11
3/23/19,Sanders,0.21
3/23/19,Booker,0.05
3/23/19,Harris,0.16
3/23/19,Gillibrand,0.02
3/23/19,Biden,0.22
3/23/19,Warren,0.06
3/23/19,Klobuchar,0.04
3/23/19,Delaney,0.01
3/23/19,O'Rourke,0.15
3/23/19,Buttigieg,0.11
3/24/19,Sanders,0.21
3/24/19,Booker,0.06
3/24/19,Harris,0.16
3/24/19,Gillibrand,0.02
3/24/19,Biden,0.24
3/24/19,Warren,0.07
3/24/19,Klobuchar,0.05
3/24/19,Delaney,0.01
3/24/19,O'Rourke,0.14
3/24/19,Buttigieg,0.14
3/25/19,Sanders,0.21
3/25/19,Booker,0.05
3/25/19,Harris,0.15
3/25/19,Gillibrand,0.02
3/25/19,Biden,0.21
3/25/19,Warren,0.06
3/25/19,Klobuchar,0.04
3/25/19,Delaney,0.01
3/25/19,O'Rourke,0.13
3/25/19,Buttigieg,0.12
3/25/19,Castro,0.01
3/25/19,Gabbard,0.03
3/26/19,Sanders,0.19
3/26/19,Booker,0.05
3/26/19,Harris,0.15
3/26/19,Gillibrand,0.02
3/26/19,Biden,0.21
3/26/19,Warren,0.06
3/26/19,Klobuchar,0.04
3/26/19,Delaney,0.01
3/26/19,O'Rourke,0.14
3/26/19,Buttigieg,0.14
3/26/19,Castro,0.01
3/26/19,Gabbard,0.02
3/27/19,Sanders,0.2
3/27/19,Booker,0.05
3/27/19,Harris,0.16
3/27/19,Gillibrand,0.02
3/27/19,Biden,0.22
3/27/19,Warren,0.07
3/27/19,Klobuchar,0.05
3/27/19,Delaney,0.01
3/27/19,O'Rourke,0.13
3/27/19,Buttigieg,0.14
3/27/19,Castro,0.01
3/27/19,Gabbard,0.02
3/28/19,Sanders,0.2
3/28/19,Booker,0.05
3/28/19,Harris,0.15
3/28/19,Gillibrand,0.03
3/28/19,Biden,0.21
3/28/19,Warren,0.07
3/28/19,Klobuchar,0.04
3/28/19,Delaney,0.01
3/28/19,O'Rourke,0.13
3/28/19,Buttigieg,0.15
3/28/19,Castro,0.01
3/28/19,Gabbard,0.03
3/29/19,Sanders,0.22
3/29/19,Booker,0.07
3/29/19,Harris,0.16
3/29/19,Gillibrand,0.02
3/29/19,Biden,0.16
3/29/19,Warren,0.07
3/29/19,Klobuchar,0.05
3/29/19,Delaney,0.01
3/29/19,O'Rourke,0.14
3/29/19,Buttigieg,0.15
3/29/19,Castro,0.01
3/29/19,Gabbard,0.02
3/30/19,Sanders,0.23
3/30/19,Booker,0.06
3/30/19,Harris,0.16
3/30/19,Gillibrand,0.03
3/30/19,Biden,0.15
3/30/19,Warren,0.07
3/30/19,Klobuchar,0.04
3/30/19,Delaney,0.01
3/30/19,O'Rourke,0.15
3/30/19,Buttigieg,0.15
3/30/19,Castro,0.01
3/30/19,Gabbard,0.02
3/31/19,Sanders,0.23
3/31/19,Booker,0.06
3/31/19,Harris,0.18
3/31/19,Gillibrand,0.02
3/31/19,Biden,0.18
3/31/19,Warren,0.07
3/31/19,Klobuchar,0.04
3/31/19,Delaney,0.01
3/31/19,O'Rourke,0.13
3/31/19,Buttigieg,0.16
3/31/19,Castro,0.01
3/31/19,Gabbard,0.02
4/1/19,Sanders,0.22
4/1/19,Booker,0.06
4/1/19,Harris,0.18
4/1/19,Gillibrand,0.02
4/1/19,Biden,0.15
4/1/19,Warren,0.07
4/1/19,Klobuchar,0.04
4/1/19,Delaney,0.01
4/1/19,O'Rourke,0.13
4/1/19,Buttigieg,0.16
4/1/19,Castro,0.01
4/1/19,Gabbard,0.03
4/2/19,Sanders,0.21
4/2/19,Booker,0.07
4/2/19,Harris,0.19
4/2/19,Gillibrand,0.02
4/2/19,Biden,0.15
4/2/19,Warren,0.06
4/2/19,Klobuchar,0.04
4/2/19,Delaney,0.01
4/2/19,O'Rourke,0.14
4/2/19,Buttigieg,0.15
4/2/19,Castro,0.01
4/2/19,Gabbard,0.03
4/3/19,Sanders,0.22
4/3/19,Booker,0.06
4/3/19,Harris,0.17
4/3/19,Gillibrand,0.02
4/3/19,Biden,0.16
4/3/19,Warren,0.07
4/3/19,Klobuchar,0.04
4/3/19,Delaney,0.01
4/3/19,O'Rourke,0.13
4/3/19,Buttigieg,0.16
4/3/19,Castro,0.01
4/3/19,Gabbard,0.03
4/4/19,Sanders,0.23
4/4/19,Booker,0.05
4/4/19,Harris,0.17
4/4/19,Gillibrand,0.03
4/4/19,Biden,0.19
4/4/19,Warren,0.06
4/4/19,Klobuchar,0.04
4/4/19,Delaney,0.01
4/4/19,O'Rourke,0.13
4/4/19,Buttigieg,0.18
4/4/19,Castro,0.02
4/4/19,Gabbard,0.04
4/5/19,Sanders,0.21
4/5/19,Booker,0.05
4/5/19,Harris,0.16
4/5/19,Gillibrand,0.02
4/5/19,Biden,0.18
4/5/19,Warren,0.07
4/5/19,Klobuchar,0.04
4/5/19,Delaney,0.01
4/5/19,O'Rourke,0.12
4/5/19,Buttigieg,0.16
4/5/19,Castro,0.01
4/5/19,Gabbard,0.03
4/6/19,Sanders,0.22
4/6/19,Booker,0.05
4/6/19,Harris,0.16
4/6/19,Gillibrand,0.02
4/6/19,Biden,0.2
4/6/19,Warren,0.06
4/6/19,Klobuchar,0.03
4/6/19,Delaney,0.01
4/6/19,O'Rourke,0.12
4/6/19,Buttigieg,0.17
4/6/19,Castro,0.01
4/6/19,Gabbard,0.03
4/7/19,Sanders,0.21
4/7/19,Booker,0.06
4/7/19,Harris,0.17
4/7/19,Gillibrand,0.02
4/7/19,Biden,0.19
4/7/19,Warren,0.07
4/7/19,Klobuchar,0.03
4/7/19,Delaney,0.01
4/7/19,O'Rourke,0.12
4/7/19,Buttigieg,0.18
4/7/19,Castro,0.01
4/7/19,Gabbard,0.05
4/8/19,Sanders,0.21
4/8/19,Booker,0.05
4/8/19,Harris,0.16
4/8/19,Gillibrand,0.02
4/8/19,Biden,0.19
4/8/19,Warren,0.07
4/8/19,Klobuchar,0.03
4/8/19,Delaney,0.01
4/8/19,O'Rourke,0.12
4/8/19,Buttigieg,0.17
4/8/19,Castro,0.01
4/8/19,Gabbard,0.03
4/9/19,Sanders,0.21
4/9/19,Booker,0.05
4/9/19,Harris,0.16
4/9/19,Gillibrand,0.03
4/9/19,Biden,0.19
4/9/19,Warren,0.07
4/9/19,Klobuchar,0.04
4/9/19,Delaney,0.01
4/9/19,O'Rourke,0.11
4/9/19,Buttigieg,0.18
4/9/19,Castro,0.01
4/9/19,Gabbard,0.04
4/10/19,Sanders,0.22
4/10/19,Booker,0.05
4/10/19,Harris,0.16
4/10/19,Gillibrand,0.02
4/10/19,Biden,0.19
4/10/19,Warren,0.06
4/10/19,Klobuchar,0.04
4/10/19,Delaney,0.01
4/10/19,O'Rourke,0.11
4/10/19,Buttigieg,0.18
4/10/19,Castro,0.01
4/10/19,Gabbard,0.04